Model,Tip,Parametri,AUC,Accuracy,Sensitivity,Specificity,PPV,NPV,F1,Confusion (TP/FP/TN/FN)
RandomForest,RandomForestClassifier,"n_estimators=200, max_depth=14, min_samples_split=4, min_samples_leaf=2, max_features=sqrt, bootstrap=True, max_samples=0.7, class_weight=balanced_subsample",0.8101283581264811,0.7421119943015331,0.7196635963155787,0.7440865139052786,0.19830059589494592,0.96792448507343,0.31092655073968334,3594/14530/42247/1400
ExtraTrees,ExtraTreesClassifier,"n_estimators=200, max_depth=16, min_samples_split=4, min_samples_leaf=2, max_features=sqrt, bootstrap=True, max_samples=0.7, class_weight=balanced",0.8117091232483014,0.7267973644590504,0.750300360432519,0.7247300843651479,0.19338356729975226,0.9705861540275976,0.30750923266311037,3747/15629/41148/1247
LogisticRegression,LogisticRegression,"solver=lbfgs, penalty=l2, C=0.8, max_iter=500, class_weight=balanced",0.8164148193994267,0.7077269268750708,0.7883460152182619,0.700635820842947,0.1880672590044903,0.9741166099370668,0.3036871336007405,3937/16997/39780/1057
